id,lastname,firstname,link
1,a,1,https://psychocracow.fra1.qualtrics.com/jfe/form/SV_5ioOnDHwgMJtiFU?Q_CHL=gl&Q_DL=EMD_XlTFYLbxhWAaanj_5ioOnDHwgMJtiFU_CGC_vm3DUitkkkgPAgE&_g_=g
2,b,1,https://psychocracow.fra1.qualtrics.com/jfe/form/SV_5ioOnDHwgMJtiFU?Q_CHL=gl&Q_DL=EMD_XlTFYLbxhWAaanj_5ioOnDHwgMJtiFU_CGC_09hK5wtNfs9zvu4&_g_=g
3,c,1,https://psychocracow.fra1.qualtrics.com/jfe/form/SV_5ioOnDHwgMJtiFU?Q_CHL=gl&Q_DL=EMD_XlTFYLbxhWAaanj_5ioOnDHwgMJtiFU_CGC_ZDf5mOcLAyw8NTO&_g_=g
4,b,2,https://psychocracow.fra1.qualtrics.com/jfe/form/SV_5ioOnDHwgMJtiFU?Q_CHL=gl&Q_DL=EMD_XlTFYLbxhWAaanj_5ioOnDHwgMJtiFU_CGC_ho2eYwC2PmoPpd0&_g_=g
5,c,2,https://psychocracow.fra1.qualtrics.com/jfe/form/SV_5ioOnDHwgMJtiFU?Q_CHL=gl&Q_DL=EMD_XlTFYLbxhWAaanj_5ioOnDHwgMJtiFU_CGC_XpsO6DU71NkUu8y&_g_=g
6,a,2,https://psychocracow.fra1.qualtrics.com/jfe/form/SV_5ioOnDHwgMJtiFU?Q_CHL=gl&Q_DL=EMD_XlTFYLbxhWAaanj_5ioOnDHwgMJtiFU_CGC_0WJKZAhK9XfkLau&_g_=g
7,b,3,https://psychocracow.fra1.qualtrics.com/jfe/form/SV_5ioOnDHwgMJtiFU?Q_CHL=gl&Q_DL=EMD_XlTFYLbxhWAaanj_5ioOnDHwgMJtiFU_CGC_0uylpEMFdvWA64T&_g_=g
8,a,3,https://psychocracow.fra1.qualtrics.com/jfe/form/SV_5ioOnDHwgMJtiFU?Q_CHL=gl&Q_DL=EMD_XlTFYLbxhWAaanj_5ioOnDHwgMJtiFU_CGC_FCJZ3gBab4ieGHh&_g_=g
9,c,3,https://psychocracow.fra1.qualtrics.com/jfe/form/SV_5ioOnDHwgMJtiFU?Q_CHL=gl&Q_DL=EMD_XlTFYLbxhWAaanj_5ioOnDHwgMJtiFU_CGC_i0heCC6dbdC8DKE&_g_=g
10,b,4,https://psychocracow.fra1.qualtrics.com/jfe/form/SV_5ioOnDHwgMJtiFU?Q_CHL=gl&Q_DL=EMD_XlTFYLbxhWAaanj_5ioOnDHwgMJtiFU_CGC_z0C6xG0mcq9qX1o&_g_=g
11,a,4,https://psychocracow.fra1.qualtrics.com/jfe/form/SV_5ioOnDHwgMJtiFU?Q_CHL=gl&Q_DL=EMD_XlTFYLbxhWAaanj_5ioOnDHwgMJtiFU_CGC_FYuBQrTVipC5OPy&_g_=g
12,c,4,https://psychocracow.fra1.qualtrics.com/jfe/form/SV_5ioOnDHwgMJtiFU?Q_CHL=gl&Q_DL=EMD_XlTFYLbxhWAaanj_5ioOnDHwgMJtiFU_CGC_jT3DEThG1mcROnU&_g_=g
13,c,5,https://psychocracow.fra1.qualtrics.com/jfe/form/SV_5ioOnDHwgMJtiFU?Q_CHL=gl&Q_DL=EMD_XlTFYLbxhWAaanj_5ioOnDHwgMJtiFU_CGC_cF9Nb25c8JMMGTS&_g_=g
14,b,5,https://psychocracow.fra1.qualtrics.com/jfe/form/SV_5ioOnDHwgMJtiFU?Q_CHL=gl&Q_DL=EMD_XlTFYLbxhWAaanj_5ioOnDHwgMJtiFU_CGC_Iw1ornK0KP7YE5V&_g_=g
15,a,5,https://psychocracow.fra1.qualtrics.com/jfe/form/SV_5ioOnDHwgMJtiFU?Q_CHL=gl&Q_DL=EMD_XlTFYLbxhWAaanj_5ioOnDHwgMJtiFU_CGC_gMjuyLNESYlNGO8&_g_=g
16,a,6,https://psychocracow.fra1.qualtrics.com/jfe/form/SV_5ioOnDHwgMJtiFU?Q_CHL=gl&Q_DL=EMD_XlTFYLbxhWAaanj_5ioOnDHwgMJtiFU_CGC_yzui3i26Us0A454&_g_=g
17,b,6,https://psychocracow.fra1.qualtrics.com/jfe/form/SV_5ioOnDHwgMJtiFU?Q_CHL=gl&Q_DL=EMD_XlTFYLbxhWAaanj_5ioOnDHwgMJtiFU_CGC_HsOFMBzO2qEaZK4&_g_=g
18,c,6,https://psychocracow.fra1.qualtrics.com/jfe/form/SV_5ioOnDHwgMJtiFU?Q_CHL=gl&Q_DL=EMD_XlTFYLbxhWAaanj_5ioOnDHwgMJtiFU_CGC_CRTtbHxJalMNhHY&_g_=g
19,b,7,https://psychocracow.fra1.qualtrics.com/jfe/form/SV_5ioOnDHwgMJtiFU?Q_CHL=gl&Q_DL=EMD_XlTFYLbxhWAaanj_5ioOnDHwgMJtiFU_CGC_1pJyHsH87pW4Akd&_g_=g
20,a,7,https://psychocracow.fra1.qualtrics.com/jfe/form/SV_5ioOnDHwgMJtiFU?Q_CHL=gl&Q_DL=EMD_XlTFYLbxhWAaanj_5ioOnDHwgMJtiFU_CGC_YWnMJ61eHiPxUmz&_g_=g
21,c,7,https://psychocracow.fra1.qualtrics.com/jfe/form/SV_5ioOnDHwgMJtiFU?Q_CHL=gl&Q_DL=EMD_XlTFYLbxhWAaanj_5ioOnDHwgMJtiFU_CGC_5CcoIHGs9BAk1H1&_g_=g
22,b,8,https://psychocracow.fra1.qualtrics.com/jfe/form/SV_5ioOnDHwgMJtiFU?Q_CHL=gl&Q_DL=EMD_XlTFYLbxhWAaanj_5ioOnDHwgMJtiFU_CGC_DPQTvHCUBQOj2YZ&_g_=g
23,a,8,https://psychocracow.fra1.qualtrics.com/jfe/form/SV_5ioOnDHwgMJtiFU?Q_CHL=gl&Q_DL=EMD_XlTFYLbxhWAaanj_5ioOnDHwgMJtiFU_CGC_4uhKbGP2jAkLT8Z&_g_=g
24,c,8,https://psychocracow.fra1.qualtrics.com/jfe/form/SV_5ioOnDHwgMJtiFU?Q_CHL=gl&Q_DL=EMD_XlTFYLbxhWAaanj_5ioOnDHwgMJtiFU_CGC_Y60Jmi6dtPZLvED&_g_=g
25,b,9,https://psychocracow.fra1.qualtrics.com/jfe/form/SV_5ioOnDHwgMJtiFU?Q_CHL=gl&Q_DL=EMD_XlTFYLbxhWAaanj_5ioOnDHwgMJtiFU_CGC_QzJjbKqfFuLEEzA&_g_=g
26,a,9,https://psychocracow.fra1.qualtrics.com/jfe/form/SV_5ioOnDHwgMJtiFU?Q_CHL=gl&Q_DL=EMD_XlTFYLbxhWAaanj_5ioOnDHwgMJtiFU_CGC_WubdJEawRVkTjJL&_g_=g
27,c,9,https://psychocracow.fra1.qualtrics.com/jfe/form/SV_5ioOnDHwgMJtiFU?Q_CHL=gl&Q_DL=EMD_XlTFYLbxhWAaanj_5ioOnDHwgMJtiFU_CGC_ZAYxQvQcdARxpBc&_g_=g
28,a,10,https://psychocracow.fra1.qualtrics.com/jfe/form/SV_5ioOnDHwgMJtiFU?Q_CHL=gl&Q_DL=EMD_XlTFYLbxhWAaanj_5ioOnDHwgMJtiFU_CGC_rgdzgBdfsfhk6av&_g_=g
29,c,10,https://psychocracow.fra1.qualtrics.com/jfe/form/SV_5ioOnDHwgMJtiFU?Q_CHL=gl&Q_DL=EMD_XlTFYLbxhWAaanj_5ioOnDHwgMJtiFU_CGC_q7JlbmC9maoA7UA&_g_=g
30,b,10,https://psychocracow.fra1.qualtrics.com/jfe/form/SV_5ioOnDHwgMJtiFU?Q_CHL=gl&Q_DL=EMD_XlTFYLbxhWAaanj_5ioOnDHwgMJtiFU_CGC_zcwY93WOqUCAPTU&_g_=g
31,a,11,https://psychocracow.fra1.qualtrics.com/jfe/form/SV_5ioOnDHwgMJtiFU?Q_CHL=gl&Q_DL=EMD_XlTFYLbxhWAaanj_5ioOnDHwgMJtiFU_CGC_tugCAPrcMQ3Mzul&_g_=g
32,b,11,https://psychocracow.fra1.qualtrics.com/jfe/form/SV_5ioOnDHwgMJtiFU?Q_CHL=gl&Q_DL=EMD_XlTFYLbxhWAaanj_5ioOnDHwgMJtiFU_CGC_8Wn2OiGuflvDcIE&_g_=g
33,c,11,https://psychocracow.fra1.qualtrics.com/jfe/form/SV_5ioOnDHwgMJtiFU?Q_CHL=gl&Q_DL=EMD_XlTFYLbxhWAaanj_5ioOnDHwgMJtiFU_CGC_N6rYSIdWbFF12Mo&_g_=g
34,b,12,https://psychocracow.fra1.qualtrics.com/jfe/form/SV_5ioOnDHwgMJtiFU?Q_CHL=gl&Q_DL=EMD_XlTFYLbxhWAaanj_5ioOnDHwgMJtiFU_CGC_kBpxDAGTHxeONLL&_g_=g
35,c,12,https://psychocracow.fra1.qualtrics.com/jfe/form/SV_5ioOnDHwgMJtiFU?Q_CHL=gl&Q_DL=EMD_XlTFYLbxhWAaanj_5ioOnDHwgMJtiFU_CGC_tfyuocYRFZGoCYX&_g_=g
36,a,12,https://psychocracow.fra1.qualtrics.com/jfe/form/SV_5ioOnDHwgMJtiFU?Q_CHL=gl&Q_DL=EMD_XlTFYLbxhWAaanj_5ioOnDHwgMJtiFU_CGC_JKdgNNpP97wJRU6&_g_=g
37,c,13,https://psychocracow.fra1.qualtrics.com/jfe/form/SV_5ioOnDHwgMJtiFU?Q_CHL=gl&Q_DL=EMD_XlTFYLbxhWAaanj_5ioOnDHwgMJtiFU_CGC_qNoiIyq4OV26iI6&_g_=g
38,a,13,https://psychocracow.fra1.qualtrics.com/jfe/form/SV_5ioOnDHwgMJtiFU?Q_CHL=gl&Q_DL=EMD_XlTFYLbxhWAaanj_5ioOnDHwgMJtiFU_CGC_paDOE7YnucUHQXW&_g_=g
39,b,13,https://psychocracow.fra1.qualtrics.com/jfe/form/SV_5ioOnDHwgMJtiFU?Q_CHL=gl&Q_DL=EMD_XlTFYLbxhWAaanj_5ioOnDHwgMJtiFU_CGC_2AkeokEVMePjLCh&_g_=g
40,a,14,https://psychocracow.fra1.qualtrics.com/jfe/form/SV_5ioOnDHwgMJtiFU?Q_CHL=gl&Q_DL=EMD_XlTFYLbxhWAaanj_5ioOnDHwgMJtiFU_CGC_AA4AfSBTT0Eei1q&_g_=g
41,b,14,https://psychocracow.fra1.qualtrics.com/jfe/form/SV_5ioOnDHwgMJtiFU?Q_CHL=gl&Q_DL=EMD_XlTFYLbxhWAaanj_5ioOnDHwgMJtiFU_CGC_BPnJmYtEWwDVM8s&_g_=g
42,c,14,https://psychocracow.fra1.qualtrics.com/jfe/form/SV_5ioOnDHwgMJtiFU?Q_CHL=gl&Q_DL=EMD_XlTFYLbxhWAaanj_5ioOnDHwgMJtiFU_CGC_1lWWsr5hnRhZxL3&_g_=g
43,c,15,https://psychocracow.fra1.qualtrics.com/jfe/form/SV_5ioOnDHwgMJtiFU?Q_CHL=gl&Q_DL=EMD_XlTFYLbxhWAaanj_5ioOnDHwgMJtiFU_CGC_KHlwao7eIgG2egG&_g_=g
44,a,15,https://psychocracow.fra1.qualtrics.com/jfe/form/SV_5ioOnDHwgMJtiFU?Q_CHL=gl&Q_DL=EMD_XlTFYLbxhWAaanj_5ioOnDHwgMJtiFU_CGC_KmaHIhVMrOiWrmW&_g_=g
45,b,15,https://psychocracow.fra1.qualtrics.com/jfe/form/SV_5ioOnDHwgMJtiFU?Q_CHL=gl&Q_DL=EMD_XlTFYLbxhWAaanj_5ioOnDHwgMJtiFU_CGC_SbwWb2mOQk6tge9&_g_=g
46,c,16,https://psychocracow.fra1.qualtrics.com/jfe/form/SV_5ioOnDHwgMJtiFU?Q_CHL=gl&Q_DL=EMD_XlTFYLbxhWAaanj_5ioOnDHwgMJtiFU_CGC_mdSRUDsTpZ8zA6l&_g_=g
47,a,16,https://psychocracow.fra1.qualtrics.com/jfe/form/SV_5ioOnDHwgMJtiFU?Q_CHL=gl&Q_DL=EMD_XlTFYLbxhWAaanj_5ioOnDHwgMJtiFU_CGC_nJDF6LfYUXM7coQ&_g_=g
48,b,16,https://psychocracow.fra1.qualtrics.com/jfe/form/SV_5ioOnDHwgMJtiFU?Q_CHL=gl&Q_DL=EMD_XlTFYLbxhWAaanj_5ioOnDHwgMJtiFU_CGC_eAo1laGwYl4392B&_g_=g
49,c,17,https://psychocracow.fra1.qualtrics.com/jfe/form/SV_5ioOnDHwgMJtiFU?Q_CHL=gl&Q_DL=EMD_XlTFYLbxhWAaanj_5ioOnDHwgMJtiFU_CGC_K2zEdorqlYSx6Lu&_g_=g
50,a,17,https://psychocracow.fra1.qualtrics.com/jfe/form/SV_5ioOnDHwgMJtiFU?Q_CHL=gl&Q_DL=EMD_XlTFYLbxhWAaanj_5ioOnDHwgMJtiFU_CGC_LFe7aNplx74m9lg&_g_=g
51,b,17,https://psychocracow.fra1.qualtrics.com/jfe/form/SV_5ioOnDHwgMJtiFU?Q_CHL=gl&Q_DL=EMD_XlTFYLbxhWAaanj_5ioOnDHwgMJtiFU_CGC_x1unG6gmOnEypJ0&_g_=g
52,c,18,https://psychocracow.fra1.qualtrics.com/jfe/form/SV_5ioOnDHwgMJtiFU?Q_CHL=gl&Q_DL=EMD_XlTFYLbxhWAaanj_5ioOnDHwgMJtiFU_CGC_Z5MD8iI9Da6isjY&_g_=g
53,b,18,https://psychocracow.fra1.qualtrics.com/jfe/form/SV_5ioOnDHwgMJtiFU?Q_CHL=gl&Q_DL=EMD_XlTFYLbxhWAaanj_5ioOnDHwgMJtiFU_CGC_EsgHb2c45nM1aw1&_g_=g
54,a,18,https://psychocracow.fra1.qualtrics.com/jfe/form/SV_5ioOnDHwgMJtiFU?Q_CHL=gl&Q_DL=EMD_XlTFYLbxhWAaanj_5ioOnDHwgMJtiFU_CGC_gKD4CvN1wk3F3yE&_g_=g
55,b,19,https://psychocracow.fra1.qualtrics.com/jfe/form/SV_5ioOnDHwgMJtiFU?Q_CHL=gl&Q_DL=EMD_XlTFYLbxhWAaanj_5ioOnDHwgMJtiFU_CGC_rfPVlcOMU4sevG7&_g_=g
56,a,19,https://psychocracow.fra1.qualtrics.com/jfe/form/SV_5ioOnDHwgMJtiFU?Q_CHL=gl&Q_DL=EMD_XlTFYLbxhWAaanj_5ioOnDHwgMJtiFU_CGC_eYUCCS1it51huZK&_g_=g
57,c,19,https://psychocracow.fra1.qualtrics.com/jfe/form/SV_5ioOnDHwgMJtiFU?Q_CHL=gl&Q_DL=EMD_XlTFYLbxhWAaanj_5ioOnDHwgMJtiFU_CGC_AHyrUU5XxmJvItl&_g_=g
58,c,20,https://psychocracow.fra1.qualtrics.com/jfe/form/SV_5ioOnDHwgMJtiFU?Q_CHL=gl&Q_DL=EMD_XlTFYLbxhWAaanj_5ioOnDHwgMJtiFU_CGC_b9jIAhwdiZHAbdW&_g_=g
59,b,20,https://psychocracow.fra1.qualtrics.com/jfe/form/SV_5ioOnDHwgMJtiFU?Q_CHL=gl&Q_DL=EMD_XlTFYLbxhWAaanj_5ioOnDHwgMJtiFU_CGC_Xy7rRoY26LBeIsR&_g_=g
60,a,20,https://psychocracow.fra1.qualtrics.com/jfe/form/SV_5ioOnDHwgMJtiFU?Q_CHL=gl&Q_DL=EMD_XlTFYLbxhWAaanj_5ioOnDHwgMJtiFU_CGC_00kTiQbTcHZPN01&_g_=g
61,b,21,https://psychocracow.fra1.qualtrics.com/jfe/form/SV_5ioOnDHwgMJtiFU?Q_CHL=gl&Q_DL=EMD_XlTFYLbxhWAaanj_5ioOnDHwgMJtiFU_CGC_66FAlXoaOSbyo8y&_g_=g
62,a,21,https://psychocracow.fra1.qualtrics.com/jfe/form/SV_5ioOnDHwgMJtiFU?Q_CHL=gl&Q_DL=EMD_XlTFYLbxhWAaanj_5ioOnDHwgMJtiFU_CGC_ueVZ1zyUhK483kn&_g_=g
63,c,21,https://psychocracow.fra1.qualtrics.com/jfe/form/SV_5ioOnDHwgMJtiFU?Q_CHL=gl&Q_DL=EMD_XlTFYLbxhWAaanj_5ioOnDHwgMJtiFU_CGC_kn9UT65EwWwkn5A&_g_=g
64,c,22,https://psychocracow.fra1.qualtrics.com/jfe/form/SV_5ioOnDHwgMJtiFU?Q_CHL=gl&Q_DL=EMD_XlTFYLbxhWAaanj_5ioOnDHwgMJtiFU_CGC_BsMdkAUHzEHcb8Z&_g_=g
65,a,22,https://psychocracow.fra1.qualtrics.com/jfe/form/SV_5ioOnDHwgMJtiFU?Q_CHL=gl&Q_DL=EMD_XlTFYLbxhWAaanj_5ioOnDHwgMJtiFU_CGC_iYGoYXheK4bilyl&_g_=g
66,b,22,https://psychocracow.fra1.qualtrics.com/jfe/form/SV_5ioOnDHwgMJtiFU?Q_CHL=gl&Q_DL=EMD_XlTFYLbxhWAaanj_5ioOnDHwgMJtiFU_CGC_SQWj9brQh2ZvWcg&_g_=g
67,a,23,https://psychocracow.fra1.qualtrics.com/jfe/form/SV_5ioOnDHwgMJtiFU?Q_CHL=gl&Q_DL=EMD_XlTFYLbxhWAaanj_5ioOnDHwgMJtiFU_CGC_vIieSCRlg03Epim&_g_=g
68,c,23,https://psychocracow.fra1.qualtrics.com/jfe/form/SV_5ioOnDHwgMJtiFU?Q_CHL=gl&Q_DL=EMD_XlTFYLbxhWAaanj_5ioOnDHwgMJtiFU_CGC_NgLcDE5hD66fqLJ&_g_=g
69,b,23,https://psychocracow.fra1.qualtrics.com/jfe/form/SV_5ioOnDHwgMJtiFU?Q_CHL=gl&Q_DL=EMD_XlTFYLbxhWAaanj_5ioOnDHwgMJtiFU_CGC_7BvqDSa5a2T0Xdu&_g_=g
70,b,24,https://psychocracow.fra1.qualtrics.com/jfe/form/SV_5ioOnDHwgMJtiFU?Q_CHL=gl&Q_DL=EMD_XlTFYLbxhWAaanj_5ioOnDHwgMJtiFU_CGC_MTL54JczYEFlj6g&_g_=g
71,c,24,https://psychocracow.fra1.qualtrics.com/jfe/form/SV_5ioOnDHwgMJtiFU?Q_CHL=gl&Q_DL=EMD_XlTFYLbxhWAaanj_5ioOnDHwgMJtiFU_CGC_N86gZxG9SBGKMph&_g_=g
72,a,24,https://psychocracow.fra1.qualtrics.com/jfe/form/SV_5ioOnDHwgMJtiFU?Q_CHL=gl&Q_DL=EMD_XlTFYLbxhWAaanj_5ioOnDHwgMJtiFU_CGC_hawL1kyflyoOnZY&_g_=g
73,b,25,https://psychocracow.fra1.qualtrics.com/jfe/form/SV_5ioOnDHwgMJtiFU?Q_CHL=gl&Q_DL=EMD_XlTFYLbxhWAaanj_5ioOnDHwgMJtiFU_CGC_Tsz20wFxmmKdKS0&_g_=g
74,c,25,https://psychocracow.fra1.qualtrics.com/jfe/form/SV_5ioOnDHwgMJtiFU?Q_CHL=gl&Q_DL=EMD_XlTFYLbxhWAaanj_5ioOnDHwgMJtiFU_CGC_hUAJgebCbYkJZeK&_g_=g
75,a,25,https://psychocracow.fra1.qualtrics.com/jfe/form/SV_5ioOnDHwgMJtiFU?Q_CHL=gl&Q_DL=EMD_XlTFYLbxhWAaanj_5ioOnDHwgMJtiFU_CGC_am7JSFH4BkWjQqu&_g_=g
76,b,26,https://psychocracow.fra1.qualtrics.com/jfe/form/SV_5ioOnDHwgMJtiFU?Q_CHL=gl&Q_DL=EMD_XlTFYLbxhWAaanj_5ioOnDHwgMJtiFU_CGC_kr4I8SGPN8zDg0h&_g_=g
77,c,26,https://psychocracow.fra1.qualtrics.com/jfe/form/SV_5ioOnDHwgMJtiFU?Q_CHL=gl&Q_DL=EMD_XlTFYLbxhWAaanj_5ioOnDHwgMJtiFU_CGC_76aWcWWyNgxYnz0&_g_=g
78,a,26,https://psychocracow.fra1.qualtrics.com/jfe/form/SV_5ioOnDHwgMJtiFU?Q_CHL=gl&Q_DL=EMD_XlTFYLbxhWAaanj_5ioOnDHwgMJtiFU_CGC_SOgDX97lp5XPFIl&_g_=g
79,a,27,https://psychocracow.fra1.qualtrics.com/jfe/form/SV_5ioOnDHwgMJtiFU?Q_CHL=gl&Q_DL=EMD_XlTFYLbxhWAaanj_5ioOnDHwgMJtiFU_CGC_NpQiAc6HWm7hyga&_g_=g
80,c,27,https://psychocracow.fra1.qualtrics.com/jfe/form/SV_5ioOnDHwgMJtiFU?Q_CHL=gl&Q_DL=EMD_XlTFYLbxhWAaanj_5ioOnDHwgMJtiFU_CGC_h73sLsmrY13WbqD&_g_=g
81,b,27,https://psychocracow.fra1.qualtrics.com/jfe/form/SV_5ioOnDHwgMJtiFU?Q_CHL=gl&Q_DL=EMD_XlTFYLbxhWAaanj_5ioOnDHwgMJtiFU_CGC_bGsUJpgQKC7kZZz&_g_=g
82,b,28,https://psychocracow.fra1.qualtrics.com/jfe/form/SV_5ioOnDHwgMJtiFU?Q_CHL=gl&Q_DL=EMD_XlTFYLbxhWAaanj_5ioOnDHwgMJtiFU_CGC_o5VlqO67BGfgotC&_g_=g
83,c,28,https://psychocracow.fra1.qualtrics.com/jfe/form/SV_5ioOnDHwgMJtiFU?Q_CHL=gl&Q_DL=EMD_XlTFYLbxhWAaanj_5ioOnDHwgMJtiFU_CGC_2LtGfYkAvxBUKMU&_g_=g
84,a,28,https://psychocracow.fra1.qualtrics.com/jfe/form/SV_5ioOnDHwgMJtiFU?Q_CHL=gl&Q_DL=EMD_XlTFYLbxhWAaanj_5ioOnDHwgMJtiFU_CGC_vJc9Ljmev84rtnf&_g_=g
85,a,29,https://psychocracow.fra1.qualtrics.com/jfe/form/SV_5ioOnDHwgMJtiFU?Q_CHL=gl&Q_DL=EMD_XlTFYLbxhWAaanj_5ioOnDHwgMJtiFU_CGC_xxTYQzDt9YeyyaP&_g_=g
86,c,29,https://psychocracow.fra1.qualtrics.com/jfe/form/SV_5ioOnDHwgMJtiFU?Q_CHL=gl&Q_DL=EMD_XlTFYLbxhWAaanj_5ioOnDHwgMJtiFU_CGC_vgamXKeRFstCEwL&_g_=g
87,b,29,https://psychocracow.fra1.qualtrics.com/jfe/form/SV_5ioOnDHwgMJtiFU?Q_CHL=gl&Q_DL=EMD_XlTFYLbxhWAaanj_5ioOnDHwgMJtiFU_CGC_4wwkXgv5xPe6gBQ&_g_=g
88,a,30,https://psychocracow.fra1.qualtrics.com/jfe/form/SV_5ioOnDHwgMJtiFU?Q_CHL=gl&Q_DL=EMD_XlTFYLbxhWAaanj_5ioOnDHwgMJtiFU_CGC_JYUHpPzXlpEUZy7&_g_=g
89,c,30,https://psychocracow.fra1.qualtrics.com/jfe/form/SV_5ioOnDHwgMJtiFU?Q_CHL=gl&Q_DL=EMD_XlTFYLbxhWAaanj_5ioOnDHwgMJtiFU_CGC_16NLuq84Q4sVUL7&_g_=g
90,b,30,https://psychocracow.fra1.qualtrics.com/jfe/form/SV_5ioOnDHwgMJtiFU?Q_CHL=gl&Q_DL=EMD_XlTFYLbxhWAaanj_5ioOnDHwgMJtiFU_CGC_00vKnRrha2rl3Ck&_g_=g
91,a,31,https://psychocracow.fra1.qualtrics.com/jfe/form/SV_5ioOnDHwgMJtiFU?Q_CHL=gl&Q_DL=EMD_XlTFYLbxhWAaanj_5ioOnDHwgMJtiFU_CGC_9J3XFc6ZJjkQypy&_g_=g
92,b,31,https://psychocracow.fra1.qualtrics.com/jfe/form/SV_5ioOnDHwgMJtiFU?Q_CHL=gl&Q_DL=EMD_XlTFYLbxhWAaanj_5ioOnDHwgMJtiFU_CGC_KlRyacVmgFLe82E&_g_=g
93,c,31,https://psychocracow.fra1.qualtrics.com/jfe/form/SV_5ioOnDHwgMJtiFU?Q_CHL=gl&Q_DL=EMD_XlTFYLbxhWAaanj_5ioOnDHwgMJtiFU_CGC_fObBzhX4SjHeelo&_g_=g
94,a,32,https://psychocracow.fra1.qualtrics.com/jfe/form/SV_5ioOnDHwgMJtiFU?Q_CHL=gl&Q_DL=EMD_XlTFYLbxhWAaanj_5ioOnDHwgMJtiFU_CGC_amFBfWTMCFfFM1T&_g_=g
95,c,32,https://psychocracow.fra1.qualtrics.com/jfe/form/SV_5ioOnDHwgMJtiFU?Q_CHL=gl&Q_DL=EMD_XlTFYLbxhWAaanj_5ioOnDHwgMJtiFU_CGC_GRtihwNfJLEW3fY&_g_=g
96,b,32,https://psychocracow.fra1.qualtrics.com/jfe/form/SV_5ioOnDHwgMJtiFU?Q_CHL=gl&Q_DL=EMD_XlTFYLbxhWAaanj_5ioOnDHwgMJtiFU_CGC_OUVX2ht04h4MSLU&_g_=g
97,c,33,https://psychocracow.fra1.qualtrics.com/jfe/form/SV_5ioOnDHwgMJtiFU?Q_CHL=gl&Q_DL=EMD_XlTFYLbxhWAaanj_5ioOnDHwgMJtiFU_CGC_5kDl3OJvFb1Dksw&_g_=g
98,a,33,https://psychocracow.fra1.qualtrics.com/jfe/form/SV_5ioOnDHwgMJtiFU?Q_CHL=gl&Q_DL=EMD_XlTFYLbxhWAaanj_5ioOnDHwgMJtiFU_CGC_0y757RtwxErPVBN&_g_=g
99,b,33,https://psychocracow.fra1.qualtrics.com/jfe/form/SV_5ioOnDHwgMJtiFU?Q_CHL=gl&Q_DL=EMD_XlTFYLbxhWAaanj_5ioOnDHwgMJtiFU_CGC_FfHvdjvPsosbT1x&_g_=g
100,b,34,https://psychocracow.fra1.qualtrics.com/jfe/form/SV_5ioOnDHwgMJtiFU?Q_CHL=gl&Q_DL=EMD_XlTFYLbxhWAaanj_5ioOnDHwgMJtiFU_CGC_mUzP6U1P5gdZnSq&_g_=g
101,a,34,https://psychocracow.fra1.qualtrics.com/jfe/form/SV_5ioOnDHwgMJtiFU?Q_CHL=gl&Q_DL=EMD_XlTFYLbxhWAaanj_5ioOnDHwgMJtiFU_CGC_G5U0reFRXARa8Ad&_g_=g
102,c,34,https://psychocracow.fra1.qualtrics.com/jfe/form/SV_5ioOnDHwgMJtiFU?Q_CHL=gl&Q_DL=EMD_XlTFYLbxhWAaanj_5ioOnDHwgMJtiFU_CGC_4q8KhB2SeBCmKoY&_g_=g
103,c,35,https://psychocracow.fra1.qualtrics.com/jfe/form/SV_5ioOnDHwgMJtiFU?Q_CHL=gl&Q_DL=EMD_XlTFYLbxhWAaanj_5ioOnDHwgMJtiFU_CGC_eppfEajyCqwoXX7&_g_=g
104,a,35,https://psychocracow.fra1.qualtrics.com/jfe/form/SV_5ioOnDHwgMJtiFU?Q_CHL=gl&Q_DL=EMD_XlTFYLbxhWAaanj_5ioOnDHwgMJtiFU_CGC_pQ6StHJOv21WIF0&_g_=g
105,b,35,https://psychocracow.fra1.qualtrics.com/jfe/form/SV_5ioOnDHwgMJtiFU?Q_CHL=gl&Q_DL=EMD_XlTFYLbxhWAaanj_5ioOnDHwgMJtiFU_CGC_cBdpOkkIjRLyOmI&_g_=g
106,b,36,https://psychocracow.fra1.qualtrics.com/jfe/form/SV_5ioOnDHwgMJtiFU?Q_CHL=gl&Q_DL=EMD_XlTFYLbxhWAaanj_5ioOnDHwgMJtiFU_CGC_hy6P8WGW1BoA58D&_g_=g
107,c,36,https://psychocracow.fra1.qualtrics.com/jfe/form/SV_5ioOnDHwgMJtiFU?Q_CHL=gl&Q_DL=EMD_XlTFYLbxhWAaanj_5ioOnDHwgMJtiFU_CGC_PmzwzEf3IeEH7Uw&_g_=g
108,a,36,https://psychocracow.fra1.qualtrics.com/jfe/form/SV_5ioOnDHwgMJtiFU?Q_CHL=gl&Q_DL=EMD_XlTFYLbxhWAaanj_5ioOnDHwgMJtiFU_CGC_5VLLA7koES6Nktc&_g_=g
109,a,37,https://psychocracow.fra1.qualtrics.com/jfe/form/SV_5ioOnDHwgMJtiFU?Q_CHL=gl&Q_DL=EMD_XlTFYLbxhWAaanj_5ioOnDHwgMJtiFU_CGC_aVCOBOUfRljqIS8&_g_=g
110,c,37,https://psychocracow.fra1.qualtrics.com/jfe/form/SV_5ioOnDHwgMJtiFU?Q_CHL=gl&Q_DL=EMD_XlTFYLbxhWAaanj_5ioOnDHwgMJtiFU_CGC_W8OOZNEv9QuxLzU&_g_=g
111,b,37,https://psychocracow.fra1.qualtrics.com/jfe/form/SV_5ioOnDHwgMJtiFU?Q_CHL=gl&Q_DL=EMD_XlTFYLbxhWAaanj_5ioOnDHwgMJtiFU_CGC_gBAZPHqpnUV9SGT&_g_=g
112,a,38,https://psychocracow.fra1.qualtrics.com/jfe/form/SV_5ioOnDHwgMJtiFU?Q_CHL=gl&Q_DL=EMD_XlTFYLbxhWAaanj_5ioOnDHwgMJtiFU_CGC_mv3ZCKs2wvnK3Lg&_g_=g
113,c,38,https://psychocracow.fra1.qualtrics.com/jfe/form/SV_5ioOnDHwgMJtiFU?Q_CHL=gl&Q_DL=EMD_XlTFYLbxhWAaanj_5ioOnDHwgMJtiFU_CGC_UcH4b5ZAOxQfGai&_g_=g
114,b,38,https://psychocracow.fra1.qualtrics.com/jfe/form/SV_5ioOnDHwgMJtiFU?Q_CHL=gl&Q_DL=EMD_XlTFYLbxhWAaanj_5ioOnDHwgMJtiFU_CGC_bZmRWJfbGgGcVFQ&_g_=g
115,b,39,https://psychocracow.fra1.qualtrics.com/jfe/form/SV_5ioOnDHwgMJtiFU?Q_CHL=gl&Q_DL=EMD_XlTFYLbxhWAaanj_5ioOnDHwgMJtiFU_CGC_emWzUozHUNXawy3&_g_=g
116,c,39,https://psychocracow.fra1.qualtrics.com/jfe/form/SV_5ioOnDHwgMJtiFU?Q_CHL=gl&Q_DL=EMD_XlTFYLbxhWAaanj_5ioOnDHwgMJtiFU_CGC_Rn1KEyELrKTKPId&_g_=g
117,a,39,https://psychocracow.fra1.qualtrics.com/jfe/form/SV_5ioOnDHwgMJtiFU?Q_CHL=gl&Q_DL=EMD_XlTFYLbxhWAaanj_5ioOnDHwgMJtiFU_CGC_JGMufUFdOik9h6x&_g_=g
118,b,40,https://psychocracow.fra1.qualtrics.com/jfe/form/SV_5ioOnDHwgMJtiFU?Q_CHL=gl&Q_DL=EMD_XlTFYLbxhWAaanj_5ioOnDHwgMJtiFU_CGC_MqvKPxMNoNaq9ZF&_g_=g
119,c,40,https://psychocracow.fra1.qualtrics.com/jfe/form/SV_5ioOnDHwgMJtiFU?Q_CHL=gl&Q_DL=EMD_XlTFYLbxhWAaanj_5ioOnDHwgMJtiFU_CGC_tXIxYGowst5YroF&_g_=g
120,a,40,https://psychocracow.fra1.qualtrics.com/jfe/form/SV_5ioOnDHwgMJtiFU?Q_CHL=gl&Q_DL=EMD_XlTFYLbxhWAaanj_5ioOnDHwgMJtiFU_CGC_8WtvnLwXhL0G3nq&_g_=g
121,c,41,https://psychocracow.fra1.qualtrics.com/jfe/form/SV_5ioOnDHwgMJtiFU?Q_CHL=gl&Q_DL=EMD_XlTFYLbxhWAaanj_5ioOnDHwgMJtiFU_CGC_grtOC0Idy3RqLWo&_g_=g
122,a,41,https://psychocracow.fra1.qualtrics.com/jfe/form/SV_5ioOnDHwgMJtiFU?Q_CHL=gl&Q_DL=EMD_XlTFYLbxhWAaanj_5ioOnDHwgMJtiFU_CGC_xHTz2JOQAhNRvPy&_g_=g
123,b,41,https://psychocracow.fra1.qualtrics.com/jfe/form/SV_5ioOnDHwgMJtiFU?Q_CHL=gl&Q_DL=EMD_XlTFYLbxhWAaanj_5ioOnDHwgMJtiFU_CGC_mQn048a8PSW8Z8B&_g_=g
124,b,42,https://psychocracow.fra1.qualtrics.com/jfe/form/SV_5ioOnDHwgMJtiFU?Q_CHL=gl&Q_DL=EMD_XlTFYLbxhWAaanj_5ioOnDHwgMJtiFU_CGC_El6WkWBmKfh4DnG&_g_=g
125,c,42,https://psychocracow.fra1.qualtrics.com/jfe/form/SV_5ioOnDHwgMJtiFU?Q_CHL=gl&Q_DL=EMD_XlTFYLbxhWAaanj_5ioOnDHwgMJtiFU_CGC_tff20Y4iN6zYBAr&_g_=g
126,a,42,https://psychocracow.fra1.qualtrics.com/jfe/form/SV_5ioOnDHwgMJtiFU?Q_CHL=gl&Q_DL=EMD_XlTFYLbxhWAaanj_5ioOnDHwgMJtiFU_CGC_uomNoLgusTN8wOA&_g_=g
127,c,43,https://psychocracow.fra1.qualtrics.com/jfe/form/SV_5ioOnDHwgMJtiFU?Q_CHL=gl&Q_DL=EMD_XlTFYLbxhWAaanj_5ioOnDHwgMJtiFU_CGC_sBgdEtUXUdKdphv&_g_=g
128,a,43,https://psychocracow.fra1.qualtrics.com/jfe/form/SV_5ioOnDHwgMJtiFU?Q_CHL=gl&Q_DL=EMD_XlTFYLbxhWAaanj_5ioOnDHwgMJtiFU_CGC_yszcwjd47tDdcR8&_g_=g
129,b,43,https://psychocracow.fra1.qualtrics.com/jfe/form/SV_5ioOnDHwgMJtiFU?Q_CHL=gl&Q_DL=EMD_XlTFYLbxhWAaanj_5ioOnDHwgMJtiFU_CGC_PuliSzCmSAnd2aR&_g_=g
130,b,44,https://psychocracow.fra1.qualtrics.com/jfe/form/SV_5ioOnDHwgMJtiFU?Q_CHL=gl&Q_DL=EMD_XlTFYLbxhWAaanj_5ioOnDHwgMJtiFU_CGC_YANA7UwCga5NOvH&_g_=g
131,c,44,https://psychocracow.fra1.qualtrics.com/jfe/form/SV_5ioOnDHwgMJtiFU?Q_CHL=gl&Q_DL=EMD_XlTFYLbxhWAaanj_5ioOnDHwgMJtiFU_CGC_Jynq4aEmUSMkS8Y&_g_=g
132,a,44,https://psychocracow.fra1.qualtrics.com/jfe/form/SV_5ioOnDHwgMJtiFU?Q_CHL=gl&Q_DL=EMD_XlTFYLbxhWAaanj_5ioOnDHwgMJtiFU_CGC_Ej9oNLgeP6GAR9X&_g_=g
133,b,45,https://psychocracow.fra1.qualtrics.com/jfe/form/SV_5ioOnDHwgMJtiFU?Q_CHL=gl&Q_DL=EMD_XlTFYLbxhWAaanj_5ioOnDHwgMJtiFU_CGC_6F5a1DCEuxvNnxo&_g_=g
134,c,45,https://psychocracow.fra1.qualtrics.com/jfe/form/SV_5ioOnDHwgMJtiFU?Q_CHL=gl&Q_DL=EMD_XlTFYLbxhWAaanj_5ioOnDHwgMJtiFU_CGC_cf6kijuXk0cT3eE&_g_=g
135,a,45,https://psychocracow.fra1.qualtrics.com/jfe/form/SV_5ioOnDHwgMJtiFU?Q_CHL=gl&Q_DL=EMD_XlTFYLbxhWAaanj_5ioOnDHwgMJtiFU_CGC_tEILBNVsrQQtuzl&_g_=g
136,a,46,https://psychocracow.fra1.qualtrics.com/jfe/form/SV_5ioOnDHwgMJtiFU?Q_CHL=gl&Q_DL=EMD_XlTFYLbxhWAaanj_5ioOnDHwgMJtiFU_CGC_QodZcHZKMx3TAK4&_g_=g
137,b,46,https://psychocracow.fra1.qualtrics.com/jfe/form/SV_5ioOnDHwgMJtiFU?Q_CHL=gl&Q_DL=EMD_XlTFYLbxhWAaanj_5ioOnDHwgMJtiFU_CGC_ggVFo0uDulvyhXU&_g_=g
138,c,46,https://psychocracow.fra1.qualtrics.com/jfe/form/SV_5ioOnDHwgMJtiFU?Q_CHL=gl&Q_DL=EMD_XlTFYLbxhWAaanj_5ioOnDHwgMJtiFU_CGC_iOzVZwEMaUJkf4W&_g_=g
139,a,47,https://psychocracow.fra1.qualtrics.com/jfe/form/SV_5ioOnDHwgMJtiFU?Q_CHL=gl&Q_DL=EMD_XlTFYLbxhWAaanj_5ioOnDHwgMJtiFU_CGC_fYwvV6nQ1GI2pMb&_g_=g
140,b,47,https://psychocracow.fra1.qualtrics.com/jfe/form/SV_5ioOnDHwgMJtiFU?Q_CHL=gl&Q_DL=EMD_XlTFYLbxhWAaanj_5ioOnDHwgMJtiFU_CGC_izgKZpYW41fTQY5&_g_=g
141,c,47,https://psychocracow.fra1.qualtrics.com/jfe/form/SV_5ioOnDHwgMJtiFU?Q_CHL=gl&Q_DL=EMD_XlTFYLbxhWAaanj_5ioOnDHwgMJtiFU_CGC_RbxcAYkCFnEwb8b&_g_=g
142,a,48,https://psychocracow.fra1.qualtrics.com/jfe/form/SV_5ioOnDHwgMJtiFU?Q_CHL=gl&Q_DL=EMD_XlTFYLbxhWAaanj_5ioOnDHwgMJtiFU_CGC_OicSLGGeAnTiDtF&_g_=g
143,c,48,https://psychocracow.fra1.qualtrics.com/jfe/form/SV_5ioOnDHwgMJtiFU?Q_CHL=gl&Q_DL=EMD_XlTFYLbxhWAaanj_5ioOnDHwgMJtiFU_CGC_GcmPrWV1zLAjjE2&_g_=g
144,b,48,https://psychocracow.fra1.qualtrics.com/jfe/form/SV_5ioOnDHwgMJtiFU?Q_CHL=gl&Q_DL=EMD_XlTFYLbxhWAaanj_5ioOnDHwgMJtiFU_CGC_skEcNeRZc9qlp9E&_g_=g
145,b,49,https://psychocracow.fra1.qualtrics.com/jfe/form/SV_5ioOnDHwgMJtiFU?Q_CHL=gl&Q_DL=EMD_XlTFYLbxhWAaanj_5ioOnDHwgMJtiFU_CGC_4WUwSYlDTXYKLBm&_g_=g
146,c,49,https://psychocracow.fra1.qualtrics.com/jfe/form/SV_5ioOnDHwgMJtiFU?Q_CHL=gl&Q_DL=EMD_XlTFYLbxhWAaanj_5ioOnDHwgMJtiFU_CGC_X8Gyq7opT6bvSUV&_g_=g
147,a,49,https://psychocracow.fra1.qualtrics.com/jfe/form/SV_5ioOnDHwgMJtiFU?Q_CHL=gl&Q_DL=EMD_XlTFYLbxhWAaanj_5ioOnDHwgMJtiFU_CGC_KfjRmlDNcqKf3J4&_g_=g
148,b,50,https://psychocracow.fra1.qualtrics.com/jfe/form/SV_5ioOnDHwgMJtiFU?Q_CHL=gl&Q_DL=EMD_XlTFYLbxhWAaanj_5ioOnDHwgMJtiFU_CGC_Kd1aHPdyDRoAey5&_g_=g
149,a,50,https://psychocracow.fra1.qualtrics.com/jfe/form/SV_5ioOnDHwgMJtiFU?Q_CHL=gl&Q_DL=EMD_XlTFYLbxhWAaanj_5ioOnDHwgMJtiFU_CGC_ZmAWeoO35stGntp&_g_=g
150,c,50,https://psychocracow.fra1.qualtrics.com/jfe/form/SV_5ioOnDHwgMJtiFU?Q_CHL=gl&Q_DL=EMD_XlTFYLbxhWAaanj_5ioOnDHwgMJtiFU_CGC_XflH3TgvtobjD72&_g_=g
